Brewery,Address,Website,Latitudes,Longitudes
Equinox Brewing,"133 Remington Street, Fort Collins, CO 80524",http://www.equinoxbrewing.com,40.5863427,-105.0758754
Pug Ryan's Steak House Brewery,"104 Village Pl., Dillon, CO 80435",https://www.pugryans.com,39.6280098,-106.0464297
Blue Moon Brewing Co. at the Sandlot,"2161 Blake Street, Denver, CO 80205",http://millercoorsblog.com,39.7557012,-104.9927357
Odell Brewing Company,"800 E. Lincoln Ave, Fort Collins, CO 80524",http://www.odellbrewing.com/,40.589475,-105.0633218
Vail Brewing Company,"41290 B-2 & B-3 US HWY 6, Vail, CO 81657",http://vailbrewingco.com,39.6205753,-106.4696229
5030Local,"1480 Cascade Ave., Loveland, CO 80538",https://www.5030local.com/,40.4077516,-105.1297786
Cabin Creek Brewing,"577 Twenty-Second Street, Georgetown, CO 80444",https://www.cabincreekbrewing.com/,39.7249177,-105.6933808
Yak & Yeti - Westminster,"8665 N. Sheridan Blvd., Westminster, CO 80003",http://theyakandyeti.com,39.8541609,-105.0536492
Avery Brewing Company,"4910 Nautilus Ct., Boulder, CO 80301",http://www.averybrewing.com,40.0625885,-105.2047632
Mother Tucker Brewery,"1132 W Dillon Road, Louisville, CO 80027",https://www.mothertuckerbrewery.com/,39.9616196,-105.1672438
Gravity Brewing,"1150 Pine Street, Unit B, Louisville, CO 80027",http://thegravitybrewing.com/,39.9760918,-105.1286822
Crazy Mountain Brewery,"471 Kalamath St., Denver, CO 80204",http://crazymountainbrewery.com,39.7237459,-105.0004981
Storybook Brewing,"3121 A North El Paso Street, Colorado Springs, CO 80907",http://storybookbrewing.com,38.8777333,-104.8124822
Floodstage Ale Works,"170 S. Main Street, Brighton, CO 80601",https://www.facebook.com/floodstagealeworks/,39.9840162,-104.8218867
Grossen Bart Brewery,"1025 Delaware Avenue, Longmont, CO 80501",http://www.grossenbart.com,40.1544152,-105.1092344
The Colorado Farm Brewery,"2070 County Road 12 South, Alamosa, CO 81101",https://www.cofarmbeer.com/,37.399617,-105.9977438
Dry Dock-North Dock,"2801 Tower Road, Aurora, CO 80011",http://drydockbrewing.com,39.7566311,-104.7729692
Hogshead Brewery,"4460 West 29th Avenue, Denver, CO 80212",https://www.hogshead54.com/,39.75820909999999,-105.0450337
Bakers' Brewery,"531 Silverthorne Lane, Silverthorne, CO 80498",http://thebakersbrewery.com,39.6297544,-106.0674622
Cannonball Creek Brewing Co.,"393 N Washington Ave, Golden, CO 80403",http://cannonballcreekbrewing.com,39.7686988,-105.2348854
CB & Potts,"6575 S Greenwood Plaza Blvd., Englewood, CO 80111",http://cbpotts.com,39.5972949,-104.8957705
Horsefly Brewing Company,"846 East Main, Montrose, CO 81041",http://www.horseflybrewing.com,38.4827614,-107.8713686
Brewability,"3445 S Broadway, Englewood, CO 80110",https://www.brew-ability.com/,39.654104,-104.9879455
Crow Hop Brewing,"217 E. 3rd St., Loveland, CO 80537",http://crowhopbrewing.com,40.3945926,-105.0740763
Whistle Pig Brewing Company,"1840 Dominion Way, Colorado Springs, CO 80918",https://www.facebook.com/whistlepigbrewing/,38.9242564,-104.7927476
Great Divide Brewing Company,"2201 Arapahoe St., Denver, CO 80205",https://greatdivide.com,39.7539551,-104.9884932
Echo Brewing,"600 Briggs St., Erie, CO 80516",http://echobrewing.com,40.0504217,-105.0477734
Bull and Bush Brewery,"4700 Cherry Creek Dr. South, Denver, CO 80246",http://www.bullandbush.com,39.7033628,-104.9322917
Paradox Beer Company,"10 Buffalo Court, Divide, CO 80814",https://www.facebook.com/ParadoxBeerCompany/,38.9444097,-105.1550896
Coopersmith's Pub and Brewing and Billiards,"5 Old Town Square, Fort Collins, CO 80524",http://coopersmithspub.com/,40.5873914,-105.0756291
HighSide Brewing,"720 Main St, Frisco, CO 80443",https://www.highsidebrewing.com/,39.5763247,-106.0928778
Colorado Boy Pub & Brewery,"602 Clinton St., Ridgway, CO 81432",https://www.coloradoboy.com/ridgway,38.152289,-107.757814
Butcher Knife Brewing,"2875 Elk River Road, Steamboat Springs, CO 80487",http://butcherknifebrewing.com/story/,40.5107762,-106.8581983
Lumpy Ridge Brewing Co.,"531 S. Saint Vrain Ave., Estes Park, CO 80517",http://www.lumpyridgebrewing.com/,40.3690402,-105.5046918
Rain Brews,"104 Adams St, Monte Vista, CO 81144",http://www.rainbre.ws,37.5803982,-106.1463773
WeldWerks Brewing Company,"508 8th Ave., Greeley, CO 80631",http://www.weldwerksbrewing.com/,40.428113,-104.6905134
Mobb Mountain Distillers,"400 Linden Street, Fort Collins, CO 80524",http://www.mobbmountain.com,40.5900919,-105.0725504
Baere Brewing Co.,"320 Broadway, Ste E, Denver, CO 80203",http://baerebrewing.com,39.7214163,-104.9869986
Southern Sun Pub & Brewery,"627 South Broadway, Boulder, CO 80305",http://www.mountainsunpub.com,39.9843178,-105.2493687
Batch Emporium,"380 Main St, Carbondale, CO 81623",https://www.batchprovisionsbar.com/,39.4003082,-107.210754
Brix Brewery & Taphouse,"813 8th Street, Greeley, CO 80631",http://brixbrewtap.com,40.425147,-104.6916262
Mountain Toad Brewing,"900 Washington Avenue, Golden, CO 80401",http://mountaintoadbrewing.com/,39.7580651,-105.2242574
Platt Park Brewing Co.,"1875 S. Pearl St., Denver, CO 80210",http://plattparkbrewing.com,39.6825699,-104.9808936
7 Hermits Brewing Co.,"717 Sylvan Lake Rd. Unit B-1, Eagle, CO 81631",http://7hermitsbrewing.com,39.6400695,-106.8319921
Guanella Pass Brewing Company,"501 Rose Street, Georgetown, CO 80444",https://www.guanellapass.com/,39.7058129,-105.6973684
Black Shirt Brewing Co,"3719 Walnut Street, Denver, CO 80205",http://www.blackshirtbrewingco.com,39.7698535,-104.9729748
Never Summer Brewing Co.,"62 E. AGATE AVENUE, GRANBY, CO 80446",https://www.neversummerbrewingco.com/index.html,40.0853923,-105.9415766
Soulcraft Brewing,"248 W. Hwy 50, Salida, CO 81201",https://soulcraftbeer.com/,38.5246682,-106.0062996
Rockyard Brewing Company,"880 Castleton Rd., Castle Rock, CO 80109",http://www.rockyard.com/,39.4091341,-104.8698616
Locavore Beer Works,"5950 S. Platte Canyon Rd., Littleton, CO 80123",http://locavorebeerworks.com,39.6089309,-105.0371118
Left Hand Brewing Co.,"1265 Boston Ave, Longmont, CO 80501",http://lefthandbrewing.com,40.1582861,-105.1150233
Rockslide Brew Pub,"401 Main St., Grand Junction, CO 81501",http://rockslidebrewpub.com,39.0670148,-108.5659124
Denver Beer Co.-Canworks,"4455 Jason St., Denver, CO 80211",http://denverbeerco.com,39.7770477,-105.0007476
Great Frontier Brewing Co.,"2010 S Oak, Lakewood, CO 80227",http://greatfrontierbeer.com,39.681339,-105.1177185
Rock Cut Brewing Co.,"390 W Riverside Drive, Estes Park, CO 80517",http://rockcutbrewing.com,40.3718277,-105.5229489
Station 26 Brewing Co.,"7045 E. 38th Ave., Denver, CO 80207",http://station26brewing.com,39.7695832,-104.9059688
South Park Brewing,"297 1/2 US Highway 285, Fairplay, CO 80440",http://www.southparkbrewingcolorado.com,39.2200524,-105.9932613
Something Brewery,"117 N. Main St. A, Brighton, CO 80601",https://www.somethingbrewery.com/,39.9883135,-104.8214308
Manitou Brewing Co.,"725 Manitou Ave., Manitou Springs, CO 80829",http://manitou-brewing.com,38.857117,-104.915684
Kokopelli Beer Co.,"8931 Harlan Street, Westminster, CO 80031",http://kokopellibeerco.com,39.858327,-105.0639607
Crafty Canary Brewery,"107 E. 5th St., Walsenburg, CO 80189",http://craftycanarybrewery.com,37.6246648,-104.7809235
Westminster Brewing Co.,"7655 W 108th Ave., Unit 600, Westminster, CO 80021",http://www.westminsterbrewingco.com/,39.8932552,-105.083061
Parts and Labor Brewing Company,"402 Main St b, Sterling, CO 80751",https://www.partsandlaborbrewing.com,40.6249986,-103.2098051
Call to Arms Brewing,"4526 Tennyson Street, Denver, CO 80212",http://calltoarmsbrewing.com,39.7789556,-105.0436411
Asher Brewing Company,"4699 Nautilus Court, Suite 104, Boulder, CO 80301",http://www.asherbrewing.com/,40.058659,-105.2060429
Mother Tucker Brewery,"2360 E 120th Ave, Thornton, CO 80233",https://www.mothertuckerbrewery.com/,39.9134294,-104.9562435
Mountain Sun Pub and Brewery,"1535 Pearl Street, Boulder, CO 80302",http://www.mountainsunpub.com/,40.0190106,-105.2752151
Fiction Beer Company,"7101 East Colfax Ave, Denver, CO 80220",http://www.fictionbeer.com,39.7403387,-104.9055942
Upslope Brewing,"1898 S. Flatiron Ct., Boulder, CO 80301",http://upslopebrewing.com,40.0201629,-105.2183452
Lariat Lodge Brewing Co. Evergreen,"27618 Fireweed Dr., Evergreen, CO 80439",https://www.lariatlodgebrewing.com,39.6384107,-105.3137817
Smiling Toad Brewing Co.,"2028 Sheldon Ave., Colorado Springs, CO 80904",https://thesmilingtoad.com/,38.8420807,-104.8579498
Joyride Brewing Co.,"2501 Sheridan Blvd., Edgewater, CO 80214",http://joyridebrewing.com,39.753134,-105.0534522
Factotum Brewhouse,"3845 Lipan Street, Denver, CO 80211",http://factotumbrewhouse.com,39.770215,-105.002073
Red Stone Meadery,"4700 Pearl St. Unit 2A, Boulder, CO 80301",http://redstonemeadery.com,40.0247447,-105.2434326
Yak & Yeti - Arvada,"7803 Ralston Rd., Arvada, CO 80002",http://theyakandyeti.com,39.8023836,-105.0841922
Brues Alehouse Brewing Co.,"120 E Riverwalk, Pueblo, CO 81003",http://bruesalehouse.com/,38.265413,-104.609719
Vision Quest Brewing Co.,"2510 47th St. Unit A2, Boulder, CO 80301",http://visionquestbrewing.com,40.0262765,-105.2436942
Broken Plow Brewery,"4731 W 10th St Unit G, Greeley, CO 80634",http://www.brokenplowbrewery.com,40.422,-104.7573353
Red Mountain Brewing,"400 Main St., Ouray, CO 81427",https://www.redmountainbrewingouray.com,38.0209302,-107.6719163
Elevation Beer Company,"115 Pahlone Parkway, Poncha Springs, CO 81242",https://elevationbeerco.com/,38.5182255,-106.0654415
WildEdge Brewing Collective,"111 N Market St, Cortez, CO 81321",https://www.wildedgebrewing.com/,37.349996,-108.5854364
Outer Range Brewing Company,"182 Lusher Ct., Frisco, CO 80443",https://www.outerrange.com/,39.5893336,-106.0990613
Shamrock Brewing Company,"108 West 3rd, Pueblo, CO 81003",http://www.shamrockbrewing.com/hours-location.htm,38.269484,-104.6077535
Grist Brewing Co.,"9150 Commerce Ctr. Cir. Ste 300, Highlands Ranch, CO 80129",http://gristbrewingcompany.com,39.5491144,-105.0339101
Beryl's Beer Company,"3120 C Blake Street, Denver, CO 80205",http://berylsbeerco.com,39.7648113,-104.9801861
Strange Brewing,"1330 Zuni, Unit M, Denver, CO 80204",http://strangecraft.com/,39.7373506,-105.0156612
CMB At The Roundhouse,"600 S. 21st Street, Colorado Springs, CO 80904",http://cmbrew.com,38.8398974,-104.8597466
Trinity Brewing Company,"1466 Garden of the Gods Rd, Colorado Springs, CO 80907",https://www.facebook.com/TRiNiTYBrewing/,38.8974064,-104.8550787
Three Barrel Brewing Company,"475 Grand Ave., Del Norte, CO 81132",http://www.threebarrelbrew.com/,37.6786706,-106.356635
CSU Brewery - The Ramskeller,"8033 Campus Delivery, Fort Collins, CO 80523",https://lsc.colostate.edu/lory-student-centers-ramskeller-pub/,40.5702631,-105.0903456
Twelve Degree,"820 Main Street, Louisville, CO 80027",http://www.twelvedegree.com/,39.9782539,-105.1318801
Yampa Valley Brewing Co.,"106 E. Jefferson Ave., Unit B, Hayden, CO 81639",http://yampavalleybrew.com,40.495739,-107.2575427
Two Rascals Brewing,"147 North 1st Street, Montrose, CO 81401",http://www.tworascalsbrewing.com/,38.4788161,-107.8800235
Wibby Brewing Company,"209 Emery Street, Longmont, CO 80501",http://www.wibbybrewing.com,40.1624098,-105.1000563
BrewHop Trolley,"10595 Butte Drive, Longmont, CO 80504",https://brewhoptrolley.com/,40.1554345,-104.9894745
Epic Brewing Co.,"3001 Walnut St., Denver, CO 80205",http://epicbrewing.com/locations/denver-brewery-and-tap-room,39.7633047,-104.9814641
Sanitas Brewing Co.,"3550 Frontier Ave., Boulder, CO 80301",http://sanitasbrewing.com,40.0219602,-105.2478194
BURLY Brewing Co,"680 Atchison Way, Suite 800, Castle Rock, CO 80109",https://www.burlybrewing.com/,39.37553399999999,-104.8712998
Rocky Mountain Brewery,"625 Paonia Street, Colorado Springs, CO 80915",http://www.therockymountainbrewery.com/,38.8412913,-104.7164119
4 Noses Brewing Co.,"8855 W. 116th Circle Ste 4, Broomfield, CO 80021",http://4nosesbrewing.com,39.9064513,-105.0985958
Budweiser Tour Center,"2351 Busch Dr., Fort Collins, CO 80524",http://www.budweisertours.com,40.6205335,-105.0094454
Our Mutual Friend Malt & Brew,"2810 Larimer St., Denver, CO 80205",http://www.omfbeer.com/,39.7604791,-104.9824454
Estes Park Brewery,"470 Prospect Village Dr., Estes Park, CO 80517",http://www.epbrewery.com/,40.3713471,-105.5260518
JAKs Brewing Company,"7654 McLaughlin Rd., Peyton, CO 80831",http://jaksbrewing.com,38.9420894,-104.6043386
Black Project Beer,"1290 S. Broadway, Denver, CO 80210",http://www.blackprojectbeer.com/,39.6933943,-104.9871437
Paonia United Brewing Co.,"325 Grand Avenue, Paonia, CO 81428",https://paoniaunitedbrew.com/,38.8695152,-107.5975312
San Luis Valley Brewing,"631 Main Street, Alamosa, CO 81101",http://www.slvbrewco.com/,37.4683105,-105.8668514
Copper Club Brewing Co.,"233 E. Aspen Ave., Fruita, CO 81521",http://copperclubbrew.com,39.1591663,-108.7314878
Launch Pad Brewery,"884 S Buckley Rd., Aurora, CO 80017",http://launchpadbrewery.com,39.700827,-104.789906
Bierstadt Lagerhaus,"2875 Blake Street, Denver, CO 80205",https://www.facebook.com/Bierstadt-Lagerhaus-1378445749083049/,39.762923,-104.9840657
Vine Street Pub & Brewery,"1700 Vine St, Denver, CO 80206",http://www.mountainsunpub.com/,39.7434716,-104.9619928
Living The Dream Brewing,"12305 Dumont Way, Unit A, Littleton, CO 80125",http://livingthedreambrewing.com,39.5402473,-105.0399682
River North Brewery,"6021 Washington Street, Unit A, Denver, CO 80216",http://www.rivernorthbrewery.com/,39.8065431,-104.9791364
Walter Brewing Co.,"126 Oneida St., Pueblo, CO 81003",http://waltersbeer.com,38.2624019,-104.6101668
Berthound Brewing Co.,"450 8th Street, Ste B, Berthoud, CO 80513",https://www.berthoudbrewing.com/,40.3044956,-105.084807
Under the Sun Eatery & Taphouse,"627 A- S. Broadway St., Boulder, CO 80305",http://mountainsunpub.com,39.9843178,-105.2493687
Cb & Potts,"261 Kaycee Case Pl, Colorado Springs, CO 80921",http://cbpotts.com,39.0215401,-104.8256713
Industrial Revolution Brewing Co.,"285 Cheesman Street, Erie, CO 80516",http://industrialrevolutionbrewingcompany.com,40.0519129,-105.0486409
Pikes Peak Brewing,"1756 Lake Woodmoor Rd., Monument, CO 80132",http://www.pikespeakbrewing.com,39.0958592,-104.8595724
Grimm Brothers,"623 Denver Avenue, Loveland, CO 80537",http://www.grimmbrosbrewhouse.com,40.3967058,-105.0469349
Black Sky Brewery,"490 Santa Fe Drive, Denver, CO 80204",http://blackskybrewing.com,39.7239223,-104.9982614
De Steeg Brewing Co.,"4342 Tennyson St., Denver, CO 80212",http://desteegbrewing.com,39.7761105,-105.0437324
Ska Brewing Company,"225 Girard Street, Durango, CO 81301",http://skabrewing.com,37.23880219999999,-107.8761503
Pints Pub Brewery & Freehouse,"221 W. 13th Ave, Denver, CO 80204",http://pintspub.com,39.7369726,-104.9908527
Animas Brewing Company,"1560 E 2nd Ave, Durango, CO 81301",http://animasbrewing.com,37.2799717,-107.8768531
Thirsty Monk Pub,"1604 East 17th Ave, Denver, CO 80218",https://monkpub.com/denver-co/,39.7430794,-104.9682071
Telluride Brewing,"156 Def Society Drive, Telluride, CO 81435",http://www.telluridebrewingco.com,37.946158,-107.8762977
Alpine Dog Brewery,"1505 Ogden St., Denver, CO 80218",http://alpinedogbrewery.com,39.740326,-104.974929
Horse & Dragon Brewing Co.,"124 Racquette Drive, Fort Collins, CO 80524",http://horseanddragonbrewing.com,40.5896724,-105.0456274
Golden Block Brewery,"1227 Greene Street, Silverton, CO 81433",http://goldenblockbrewery.com,37.8121362,-107.6643893
Mancos Brewing Company,"484 E. Frontage Rd, Mancos, CO 81328",http://www.mancosbrewingcompany.com/,37.348185,-108.283112
Ratio Beerworks,"2920 Larimer St, Denver, CO 80205",http://ratiobeerworks.com,39.7614859,-104.9810761
Bristol Brewing,"1604 S Cascade Ave, Colorado Springs, CO 80905",http://www.bristolbrewing.com,38.8110338,-104.8274952
Rock Bottom Brewery - Loveland,"6025 Sky Pond Dr, Loveland, CO 80538",http://www.rockbottom.com/,40.41048670000001,-104.987922
"Rally King Brewing, Inc.","1624 S Lemay, Fort Collins, CO 80525",http://rallykingbrewing.com,40.5660772,-105.0567917
Crystal Springs Brewing,"657 S. Taylor Ave., Louisville, CO 80027",http://www.crystalspringsbrewing.com,39.9605825,-105.1202766
Post Brewing Co.,"105 W. Emma St., Lafayette, CO 80026",http://www.postbrewing.com/,39.9945463,-105.0913171
Oskar Blues Lyons,"303 Main Street, Lyons, CO 80540",https://oskarbluesfooderies.com/oskar-blues/oskar-blues-lyons/,40.22445210000001,-105.2677106
Odyssey Beerwerks Brewery and Taproom,"5535 W 56th Ave, Arvada, CO 80002",http://www.odysseybeerwerks.com,39.8008906,-105.0589379
Mahogany Ridge Brewery & Grill,"435 Lincoln Ave, Steamboat Springs, CO 80487",http://www.mahoganyridgesteamboat.com/,40.4837581,-106.8313628
Zwei Brewing Co.,"4612 S Mason St., Ste 120, Fort Collins, CO 80525",http://zweibruderbrewing.com,40.5227704,-105.0783612
Verboten Brewing,"1550 Taurus Ct., Loveland, CO 80537",http://www.verbotenbrewing.com,40.40054600000001,-105.055494
Rock Bottom Restaurant - Colorado Springs,"3316 Cinema Pt, Colorado Springs, CO 80922",http://www.rockbottom.com/,38.8811904,-104.7181434
Shoes and Brews,"63 S. Pratt Parkway unit B, Longmont, CO 80501",http://shoesbrews.com,40.1580894,-105.107395
Brew Hop Trolley,"540 Main Street, Longmont, CO 80501",http://brewhoptrolley.com,40.1687378,-105.102082
Big Thompson Brewery,"114 E. 15th Street, Loveland, CO 80538",http://lovelandbrewery.com,40.4078968,-105.0754359
Aspen Brewing Company,"304 E Hopkins Ave, Aspen, CO 81611",http://aspenbrewingcompany.com/,39.1903225,-106.8203009
Riff Raff Brewing Company,"274 Pagosa Street, Pagosa Springs, CO 81147",http://riffraffbrewing.com/,37.2689076,-107.0073483
Kannah Creek Brewing Company,"1960 N 12th Street, Grand Junction, CO 81521",https://www.kannahcreekbrewingco.com/,39.0853587,-108.5519053
Suds Brothers Brewery,"127 E. Aspen, Fruita, CO 81521",http://sudsbrothers2fruita.com,39.1591464,-108.7326711
Two Mile Brewing Co,"101 Harrison Ave, Leadville, CO 80461",https://twomilebrewing.com,39.2446572,-106.2907606
Colorado Boy Pizzeria,"320 E. Main St., Montrose, CO 81401",https://coloradoboymontrose.com,38.478956,-107.8771076
Copper Kettle Brewing Co,"1338 South Valentia Street, Unit 100, Denver, CO 80247",http://www.copperkettledenver.com,39.6923579,-104.8909121
Breckenridge Ale House at Amatos,"2501 16th Street, Denver, CO 80211",http://breckbrew.com,39.7586263,-105.0092171
Little Machine Beer,"2924 W 20th Ave, Denver, CO 80211",http://littlemachinebeer.com,39.747316,-105.024345
Oskar Blues Longmont,"1800 Pike Road, Unit B, Longmont, CO 80501",http://www.oskarblues.com,40.13918779999999,-105.1227891
Grandma's House,"1710 S. Broadway, Denver, CO 80210",http://www.grandmasbeer.co/,39.6854357,-104.9871239
Great Divide Barrel Bar,"1812 35th Street, Denver, CO 80216",https://greatdivide.com,39.7704498,-104.9793729
Wiley Roots Brewing Company,"625 3rd St Unit D, Greeley, CO 80631",http://www.wileyroots.com,40.4315723,-104.688346
Glenwood Canyon Brewpub,"402 Seventh Street, Glenwood Springs, CO 81601",http://glenwoodcanyon.com,39.5475746,-107.3228908
AC Golden Brewing Co.,"1301 Ford Street, Golden, CO 80401",http://acgolden.com,39.7554398,-105.2181113
Oskar Blues Grill & Brew,"118 N Tejon St, Colorado Springs, CO 80903",https://oskarbluesfooderies.com/oskar-blues/oskar-blues-colorado-springs/,38.836014,-104.8238018
Storm Peak Brewing Company,"1885 Elk River Plaza, Steamboat Springs, CO 80487",http://www.stormpeakbrewing.com/,40.5022566,-106.855088
High Hops Brewery,"6461 Highway 392, Windsor, CO 80550",https://highhopsbrewery.com,40.4803678,-104.9357825
Raices Brewing Company,"2060 West Colfax Ave, Denver, CO 80204",https://www.raicesbrewing.com/,39.7387358,-105.0173431
Casey Brewing & Blending,"3421 Grand Ave., Glenwood Springs, CO 81601",http://caseybrewing.com,39.5157622,-107.319496
Gore Range Brewery,"0105 Edwards Village Boulevard, Edwards, CO 81632",http://www.gorerangebrewery.com/,39.643729,-106.596273
Twisted Pine Brewing Company,"3201 Walnut Street, Boulder, CO 80301",http://www.twistedpinebrewing.com,40.0208264,-105.251023
BJ's Restaurant and Brewhouse,"1690 28th St, Boulder, CO 80301",http://www.bjsrestaurants.com/locations/co/boulder,40.0177299,-105.2577891
Loveland Aleworks,"118 W. 4th St., Loveland, CO 80537",http://lovelandaleworks.com,40.395281,-105.0773352
City Star Brewing,"321 Mountain Avenue, Berthoud, CO 80513",http://citystarbrewing.com/,40.3048654,-105.0789858
Fossil Brewing Co.,"2845 Ore Mill Rd., Colorado Springs, CO 80904",http://fossilcraftbeer.com/,38.848543,-104.8703975
Upslope Brewing Company,"1501 Lee Hill Rd, Boulder, CO 80304",http://www.upslopebrewing.com,40.0626233,-105.278867
Spangalang Brewery,"2736 Welton St., Denver, CO 80205",http://spangalangbrewery.com,39.7551762,-104.9769684
Phantom Canyon Brewing Co.,"2 E. Pikes Peak Ave, Colorado Springs, CO 80903",http://phantomcanyon.com,38.8342281,-104.8249417
Odd13 Brewing,"301 E. Simpson St., Lafayette, CO 80026",http://odd13brewing.com,39.9983786,-105.087846
Three Freaks Brewery,"7140 E. County Line Rd., Highlands Ranch, CO 80126",http://3freaksbrewery.com,39.564892,-104.9059779
Mountain Tap Brewery,"910 Yampa Street, Steamboat Springs, CO 80487",https://www.mountaintapbrewery.com/,40.4864919,-106.836874
Bottom Shelf Brewery,"118 E. Mill Street, Bayfield, CO 81122",http://bottomshelfbrewery.com,37.225062,-107.599083
Crestone Brewing Co,"187 W Silver Ave, Crestone, CO 81131",https://crestonebrewing.co/,37.9944762,-105.699981
Ouray Brewing,"607 Main Street, Ouray, CO 81427",http://ouraybrewery.com/,38.0229401,-107.6711242
Nano 108 Brewing Co.,"2402 Waynoka Rd., Colorado Springs, CO 80915",https://www.facebook.com/pages/Nano-108-Brewing-Company/895871877172398,38.8666712,-104.7178017
Coors Brewery Tour,"1301 Ford St., Golden, CO 80401",https://www.millercoors.com/breweries/coors-brewing-company/tours,39.7554398,-105.2181113
Front Range Brewing Co.,"400 W South Boulder Road, Lafayette, CO 80026",http://frontrangebrewingcompany.com,39.9858069,-105.094834
Diebolt Brewing Co.,"3855 Mariposa St., Denver, CO 80211",http://dieboltbrewing.com,39.7703508,-105.0032827
Moonlight Pizza and Brewpub,"242 F Street, Salida, CO 81201",http://moonlightpizza.biz/,38.5349094,-105.9935598
Golden City Brewery,"920 12th Street, Golden, CO 80401",http://www.gcbrewery.com/,39.7546826,-105.2236632
New Belgium Brewing Company,"500 Linden St., Fort Collins, CO 80524",http://www.newbelgium.com/,40.5931253,-105.0679797
Denver Beer Co,"1695 Platte Street, Denver, CO 80202",http://www.denverbeerco.com,39.7582718,-105.0073351
Westbound & Down Brewing Company,"1617 Miner St, Idaho Springs, CO 80452",http://www.westboundanddown.com/,39.7417922,-105.5154974
Roaring Fork Beer Company,"1941 Dolores Way, Carbondale, CO 81623",http://roaringforkbeerco.com,39.410559,-107.2235745
Snowbank Brewing,"225 N. Lemay Ave, Fort Collins, CO 80524",https://www.snowbank.beer,40.5899287,-105.0587236
Stein Brewing,"2516 49th Street, Boulder, CO 80301",https://stein-brewing.com/,40.024125,-105.2372556
Breckenridge Brewery Farmhouse,"2920 Brewery Lane, Littleton, CO 80120",http://breckbrew.com,39.5937136,-105.0232324
Anheuser Busch Tour Center and Biergarten,"2351 Busch Drive, Fort Collins, CO 80525",http://www.budweisertours.com,40.617477,-105.0051165
Brewmented Homebrew Store & Brewery,"900 S. Hover, Longmont, CO 80501",https://www.brewmented.com,40.1517512,-105.1301461
Crooked Stave Taproom Sunnyside,"1441 W. 46th Ave. Unit 19, Denver, CO 80211",http://www.crookedstave.com/,39.780817,-105.0050025
Pagosa Brewing Company,"118 N Pagosa Blvd., Pagosa Springs, CO 81147",http://www.pagosabrewing.com,37.2687491,-107.0032217
Renegade Brewing,"925 W. 9th Ave., Denver, CO 80204",http://www.renegadebrewing.com,39.7306209,-104.9992768
Goldspot Brewing,"4970 Lowell Blvd., Denver, CO 80221",http://goldspotbrewing.com,39.7868916,-105.0343496
Shine Restaurant & Potion Bar,"2480 Canyon Blvd, Boulder, CO 80302",http://shineboulder.com,40.0170581,-105.2616392
High Alpine Brewing Company,"111 N Main St, Gunnison, CO 81230",http://highalpinebrewing.com/,38.5447497,-106.9273064
Prost Brewing,"2540 19th St., Denver, CO 80211",http://www.prostbrewing.com/,39.7602783,-105.0039669
LowDown Brewery & Kitchen,"800 Lincoln Ave., Denver, CO 80203",http://lowdownbrewery.com,39.7293165,-104.9857089
Palisade Brewing Company,"200 Peach Ave, Palisade, CO 81526",http://www.palisadebrewingcompany.com/,39.1110903,-108.3543443
Liquid Mechanics Brewing Co.,"297 US 287, Lafayette, CO 80026",http://liquidmechanicsbrewing.com,39.9994752,-105.1035316
Longs Peak Pub & Taphouse,"600 Longs Peak Ave, Longmont, CO 80501",http://mountainsunpub.com/locations.php#longsPeak,40.1708966,-105.1029582
Bootstrap Brewing,"142 Pratt Street, Longmont, CO 80501",https://bootstrapbrewing.com,40.1614885,-105.1063016
Gold Camp Brewing Co.,"1007 S. Tejon Street, Colorado Springs, CO 80903",https://www.facebook.com/pg/goldcampbrew/about/?ref=page_internal,38.8195711,-104.8236099
Florence Brewing Co.,"200 S. Pikes Peak Avenue, Florence, CO 81226",http://www.florencebrewing.com,38.3886825,-105.118358
New Planet Brewery,"6560 Odell Pl. Unit D, Boulder, CO 80301",http://newplanetbeer.com,40.0733247,-105.2008783
Tommy Knocker Brewery and Pub,"1401 Miner St., Idaho Springs, CO 80452",http://tommyknocker.com,39.7416267,-105.5177181
Carbondale Beer Works,"647 Main Street, Carbondale, CO 81623",http://places.singleplatform.com/carbondale-beer-works/menu?ref=google#menu_2709655,39.4007325,-107.213125
The Peak Bistro & Brewery,"78491 US Highway 40, Winter Park, CO 80482",https://www.thepeakwp.com/,39.9239891,-105.7863779
Big Choice Brewing,"21 S 1st Ave, Brighton, CO 80601",http://www.bigchoicebrewing.com,39.9863981,-104.8227303
Bonfire Brewing,"127 2nd Street, Eagle, CO 81631",http://www.bonfirebrewing.com,39.6554054,-106.8273128
Wynkoop Brewing Company,"1634 18th Street, Denver, CO 80202",http://www.wynkoop.com/,39.7534202,-104.9985353
Avalanche Brewing Co.,"1067 Blair St., Silverton, CO 81433",http://avalanchebrewing.com,37.8103163,-107.6646552
Crooked Stave Taproom FoCo,"216 North College Avenue Suite 130, Fort Collins, CO 80216",http://www.crookedstave.com/,40.589498,-105.076696
Blue Tile Brewing,"1609 E 58th Ave Unit G, Denver, CO 80205",https://www.facebook.com/bluetilebrewing/,39.8031927,-104.9680728
BJ's Restaurant and Brewery,"2670 E. Harmony Road, Fort Collins, CO 80525",https://www.bjsrestaurants.com/#signup,40.5238277,-105.0273869
Coda Brewing Co.,"15965 S Golden Rd., Golden, CO 80401",http://codabrewing.com,39.7343477,-105.1786678
Hideaway Park Brewery,"78927 US Highway 40, Winter Park, CO 80482",https://www.facebook.com/HideawayParkBrewery/,39.9180314,-105.7840163
Chain Reaction Brewing,"902 S Lipan St., Denver, CO 80223",http://chainreactionbrewingco.com,39.6995851,-105.0011828
Big Beaver Brewing Co.,"2707 W. Eisenhower Blvd. Unit 9, Loveland, CO 80537",http://bigbeaverbrew.com,40.4081161,-105.1145704
Drätz Brewing Company,"965 E. 11th St, Loveland, CO 80537",https://dratzbrewing.com,40.4045554,-105.0646004
Edgewater Brewery,"905 Struthers Avenue, Grand Junction, CO 81501",http://kannahcreekbrewingco.com/edgewater/,39.0550127,-108.5572159
BJ's Restaurant and Brewhouse,"14442 E Cedar Ave, Aurora, CO 80012",http://bjsbrewhouse.com,39.7124326,-104.8197968
Red Leg Brewing Co.,"4630 Forge Rd., Colorado Springs, CO 80907",http://redlegbrewingco.com,38.89804549999999,-104.8417225
Dos Luces,"1236 South Broadway, Denver, CO 80210",https://dosluces.com/,39.6940561,-104.9870554
Wonderland Brewing Co.,"5450 W. 120th Ave., Broomfield, CO 80020",http://wonderlandbrewing.com,39.91332240000001,-105.0558566
Brewery Rickoli,"4335 Wadsworth, Wheat Ridge, CO 80033",http://www.breweryrickoli.com/,39.77586,-105.081894
300 Suns Brewing,"335 1st Ave., Longmont, CO 80501",http://300sunsbrewing.com/,40.1599201,-105.1012742
Finkel & Garf Brewing Co.,"5455 Spine Road, Boulder, CO 80301",http://finkelandgarf.com,40.0739741,-105.2027522
Pumphouse Brewery,"540 Main Street, Longmont, CO 80501",http://www.pumphousebrewery.com,40.1687378,-105.102082
BJ's Restaurant and Brewhouse,"10446 E Town Center Drive, Westminster, CO 80021",http://bjbrewhouse.com,39.8881213,-105.0742362
Mockery Brewing,"3501 Delgany St., Denver, CO 80216",http://mockerybrewing.com,39.771248,-104.9797297
